Hugo_Symbol,Protein_Change,Mutation_Type
ANK2,p.E3429V,missense_variant
ANK2,p.R3549C,missense_variant
ANK2,p.R358L,missense_variant
ANK2,p.L363R,missense_variant
ANK2,p.A368G,missense_variant
ANK2,p.A373V,missense_variant
ANK2,p.E3884K,missense_variant
ANK2,p.E3884K,missense_variant
ANK2,p.V3895M,missense_variant
ANK2,p.R3906Q,missense_variant
ANK2,p.Y3936C,missense_variant
ANK2,p.T439A,missense_variant
ANK2,p.A525V,missense_variant
ANK2,p.D56N,missense_variant
ANK2,p.T638A,missense_variant
ANK2,p.A702T,missense_variant
ANK2,p.I807M,missense_variant
ANK2,p.E819K,missense_variant
ANK2,p.R867*,stop_gained
ANK2,p.R874*,stop_gained
ANK2,p.R895*,stop_gained
ANK2,p.R977Q,missense_variant
ANK2,p.R982*,stop_gained
ANK2,p.R982Q,missense_variant
ANK2,p.R990*,stop_gained
ANK2,p.R1003*,stop_gained
ANK2,p.G1016D,missense_variant
ANK2,p.P1043Q,missense_variant
ANK2,p.S1058N,missense_variant
ANK2,p.R1088*,stop_gained
ANK2,p.S1090R,missense_variant
ANK2,p.E1107G,missense_variant
ANK2,p.Q1180R,missense_variant
ANK2,p.V1302I,missense_variant
ANK2,p.E1320G,missense_variant
ANK2,p.T1350I,missense_variant
ANK2,p.P1380R,missense_variant
ANK2,p.L1402F,missense_variant
ANK2,p.L1522Q,missense_variant
ANK2,p.L1527V,missense_variant
ANK2,p.E1613K,missense_variant
ANK2,p.E1725K,missense_variant
ANK2,p.S1736*,stop_gained
ANK2,p.R1748Q,missense_variant
ANK2,p.R1748Q,missense_variant
ANK2,p.V1777L,missense_variant
ANK2,p.G1798R,missense_variant
ANK2,p.S1815P,missense_variant
ANK2,p.S1816P,missense_variant
ANK2,p.P1844S,missense_variant
ANK2,p.T1851I,missense_variant
ANK2,p.E2410Q,missense_variant
ANK2,p.E2667K,missense_variant
ANK2,p.S2933fs,frameshift_variant
ANK2,p.K295Q,missense_variant
ANK2,p.R300Q,missense_variant
ANK2,p.R300Q,missense_variant
ANK2,p.M3019V,missense_variant
ANK2,p.Q3029R,missense_variant
ANK2,p.R3058L,missense_variant
ANK2,p.E3062*,stop_gained
ANK2,p.T3095I,missense_variant
ANK2,p.P3100T,missense_variant
ANK2,p.E3286K,missense_variant
ANK2,p.N3521Y,missense_variant
